<?xml version="1.0" encoding="UTF-8"?>
<project-private xmlns="http://www.netbeans.org/ns/project-private/1">
    <editor-bookmarks xmlns="http://www.netbeans.org/ns/editor-bookmarks/2" lastBookmarkId="0"/>
    <open-files xmlns="http://www.netbeans.org/ns/projectui-open-files/2">
        <group>
            <file>file:/E:/Kuliah/Semester%203/Praktikum/PBO/UASLIA/src/transaksi/Admin.java</file>
            <file>file:/E:/Kuliah/Semester%203/Praktikum/PBO/UASLIA/src/transaksi/Logincus.java</file>
            <file>file:/E:/Kuliah/Semester%203/Praktikum/PBO/UASLIA/src/transaksi/Connect.java</file>
            <file>file:/E:/Kuliah/Semester%203/Praktikum/PBO/UASLIA/src/transaksi/beli.java</file>
            <file>file:/E:/Kuliah/Semester%203/Praktikum/PBO/UASLIA/src/transaksi/welcome.java</file>
            <file>file:/E:/Kuliah/Semester%203/Praktikum/PBO/UASLIA/src/transaksi/data.java</file>
        </group>
    </open-files>
</project-private>
